"","Df","Variance","F","Pr..F.","R2","adj.R2","model","transfo"
"Model",7,0.172734741735091,8.51101676409571,0.001,"0.261788698454213","0.231029894223139","Complete","Hellinger"
"Residual",168,0.487090310893385,NA,NA,"NA","NA","Complete","Hellinger"
"Longitude",1,0.00282882659763722,0.975677113205965,0.431,"0.00428723733112062","-0.00011067202858428","pRDA","Hellinger"
"Latitude",1,0.00885860523343163,3.05537935354716,0.001,"0.0134256879124893","0.00935222058525886","pRDA","Hellinger"
"Depth_m",1,0.00934985852649972,3.22481518790828,0.001,"0.0141702084351809","0.0101231737892297","pRDA","Hellinger"
"Temperature",1,0.00606605384820941,2.09221375114202,0.021,"0.113142000113705","0.107422998872615","pRDA","Hellinger"
"Season",2,0.0746539261795159,12.8742651184698,0.001,"0.0091934275972776","0.00496970250737694","pRDA","Hellinger"
"Salinity",1,0.0108451067105573,3.74053411990868,0.001,"0.0164363366734188","0.0124697562844465","pRDA","Hellinger"
"Residual1",168,0.487090310893385,NA,NA,"NA","NA","pRDA","Hellinger"
