"","Df","Variance","F","Pr..F.","R2","adj.R2","model","transfo"
"Model",5,0.0294298886306162,1.70111599311164,0.001,"0.226781720836445","0.093468224428936","Complete","Hellinger"
"Residual",29,0.100341984173193,NA,NA,"NA","NA","Complete","Hellinger"
"Longitude",1,0.00514953178368742,1.48827455384155,0.051,"0.00449599482198521","0.000159320110635131","pRDA","Hellinger"
"Latitude",1,0.00367404965325774,1.06184306422096,0.36,"0.00642931569102691","0.0021397951472143","pRDA","Hellinger"
"Depth_m",1,0.00335307465847898,0.96907755908088,0.495,"0.00917494965208398","0.00495239579024853","pRDA","Hellinger"
"Temperature",1,0.00455010598753823,1.31503352984184,0.122,"0.168874223006204","0.168546773372518","pRDA","Hellinger"
"Salinity",1,0.00712576157601506,2.05942793943319,0.004,"0.0801826926396714","0.0776920349482648","pRDA","Hellinger"
"Residual1",29,0.100341984173193,NA,NA,"NA","NA","pRDA","Hellinger"
