"","Df","Variance","F","Pr..F.","R2","adj.R2","model","transfo"
"Model",5,0.169207926301728,6.78959482229293,0.001,"0.353816476333587","0.30170490184436","Complete","Hellinger"
"Residual",62,0.309028497437325,NA,NA,"NA","NA","Complete","Hellinger"
"Longitude",1,0.00498579759826795,1.0002943212553,0.389,"0.00449599482198521","0.000159320110635131","pRDA","Hellinger"
"Latitude",1,0.00674868644896182,1.35398050116881,0.201,"0.00642931569102691","0.0021397951472143","pRDA","Hellinger"
"Depth_m",1,0.0100682055105834,2.0199714486939,0.055,"0.00917494965208398","0.00495239579024853","pRDA","Hellinger"
"Temperature",1,0.00692288532940016,1.38892980415135,0.17,"0.168874223006204","0.168546773372518","pRDA","Hellinger"
"Salinity",1,0.00743745477831237,1.4921672275512,0.135,"0.0801826926396714","0.0776920349482648","pRDA","Hellinger"
"Residual1",62,0.309028497437325,NA,NA,"NA","NA","pRDA","Hellinger"
