"","Df","Variance","F","Pr..F.","R2","adj.R2","model","transfo"
"Model",7,0.373013230180227,23.9341539616312,0.001,"0.509951750301015","0.488645304661929","Complete","Hellinger"
"Residual",161,0.358454462518237,NA,NA,"NA","NA","Complete","Hellinger"
"Longitude",1,0.00231402522320262,1.03934557912406,0.366,"0.00316353715454729","0.000124194732258553","pRDA","Hellinger"
"Latitude",1,0.00680134306632524,3.05482661866053,0.007,"0.00929821389818947","0.00648608172566512","pRDA","Hellinger"
"Depth_m",1,0.00926082153352398,4.15950259461898,0.001,"0.0126606022739842","0.00997300300426718","pRDA","Hellinger"
"Temperature",1,0.0284906950341705,12.7966098351142,0.001,"0.217448042013794","0.217843936611296","pRDA","Hellinger"
"Season",2,0.159056217573628,35.7200895888571,0.001,"0.0389500388309226","0.0372361223966478","pRDA","Hellinger"
"Salinity",1,0.0300737196992912,13.507626150252,0.001,"0.0411142146119212","0.0394804528362019","pRDA","Hellinger"
"Residual1",161,0.358454462518237,NA,NA,"NA","NA","pRDA","Hellinger"
