"","Df","Variance","F","Pr..F.","R2","adj.R2","model","transfo"
"Model",7,0.116511976204381,6.36960087607421,0.001,"0.207781288251567","0.175160517767808","Complete","Hellinger"
"Residual",170,0.444231376504631,NA,NA,"NA","NA","Complete","Hellinger"
"Longitude",1,0.00433277137090549,1.65807993764316,0.021,"0.00772683501279941","0.00317432932768036","pRDA","Hellinger"
"Latitude",1,0.00408281295917101,1.5624249878978,0.024,"0.00728107241832988","0.00271292594042238","pRDA","Hellinger"
"Depth_m",1,0.00389335790123824,1.48992367089946,0.034,"0.00694320830096286","0.00236320694174408","pRDA","Hellinger"
"Temperature",1,0.00660784006127035,2.52871109477844,0.001,"0.0504953115666495","0.0423720417606547","pRDA","Hellinger"
"Season",2,0.0283149103039678,5.41782391593894,0.001,"0.0117840720346444","0.00737392554327421","pRDA","Hellinger"
"Salinity",1,0.00939304715492195,3.59456378093114,0.001,"0.0167510628695708","0.0125151967583735","pRDA","Hellinger"
"Residual1",170,0.444231376504631,NA,NA,"NA","NA","pRDA","Hellinger"
