"","Df","Variance","F","Pr..F.","R2","adj.R2","model","transfo"
"Model",5,0.0833164674210212,2.98945203169323,0.001,"0.171911801835089","0.114405676962525","Complete","Hellinger"
"Residual",72,0.401330116069185,NA,NA,"NA","NA","Complete","Hellinger"
"Longitude",1,0.00698137832394297,1.2524832281394,0.115,"0.00777302350031394","0.00293996321134504","pRDA","Hellinger"
"Latitude",1,0.0098878841951287,1.77392035519841,0.009,"0.00799252523931555","0.00316454013506362","pRDA","Hellinger"
"Depth_m",1,0.0083998807225239,1.50696742608138,0.026,"0.00994140640537026","0.00515848213732761","pRDA","Hellinger"
"Temperature",1,0.0060890324165534,1.09239331024006,0.258,"0.0489354694013735","0.0450541419656085","pRDA","Hellinger"
"Salinity",1,0.00740939349132208,1.32927061791501,0.067,"0.0463749296937037","0.0424343990277037","pRDA","Hellinger"
"Residual1",72,0.401330116069185,NA,NA,"NA","NA","pRDA","Hellinger"
