"","Df","Variance","F","Pr..F.","R2","adj.R2","model","transfo"
"Model",5,0.0705055250965675,1.24571104976014,0.056,"0.176804163690839","0.0348738470858111","Complete","Hellinger"
"Residual",29,0.328271990233072,NA,NA,"NA","NA","Complete","Hellinger"
"Longitude",1,0.00789960057270389,0.697861600819981,0.889,"0.00777302350031394","0.00293996321134504","pRDA","Hellinger"
"Latitude",1,0.0118112426554362,1.04342145293742,0.372,"0.00799252523931555","0.00316454013506362","pRDA","Hellinger"
"Depth_m",1,0.013309198983357,1.17575297923931,0.225,"0.00994140640537026","0.00515848213732761","pRDA","Hellinger"
"Temperature",1,0.0109595621024243,0.96818281920626,0.488,"0.0489354694013735","0.0450541419656085","pRDA","Hellinger"
"Salinity",1,0.0108467192848029,0.958214129191929,0.503,"0.0463749296937037","0.0424343990277037","pRDA","Hellinger"
"Residual1",29,0.328271990233072,NA,NA,"NA","NA","pRDA","Hellinger"
