"","Df","Variance","F","Pr..F.","R2","adj.R2","model","transfo"
"Model",7,7881.52558736761,19.0015666088117,0.001,"0.441880791057587","0.41862582401832","Complete","Hellinger-Mahalanobis"
"Residual",168,9954.79046496641,NA,NA,"NA","NA","Complete","Hellinger-Mahalanobis"
"Longitude",1,19.1948293069509,0.323937639362319,0.679,"0.00107616579027279","-0.00232571102179846","pRDA","Hellinger-Mahalanobis"
"Latitude",1,92.2239593593113,1.55639892440635,0.187,"0.00517057217518276","0.00191405890340401","pRDA","Hellinger-Mahalanobis"
"Depth_m",1,144.456097414179,2.43788399675411,0.083,"0.00809899359791184","0.00494644795060883","pRDA","Hellinger-Mahalanobis"
"Temperature",1,98.843724511702,1.66811604688276,0.19,"0.151653550320281","0.149274252671093","pRDA","Hellinger-Mahalanobis"
"Season",2,2704.94045454164,22.824689176646,0.001,"0.00554171198162808","0.00229837527102517","pRDA","Hellinger-Mahalanobis"
"Salinity",1,659.023776782893,11.1218809566274,0.001,"0.036948437071492","0.0348201320208841","pRDA","Hellinger-Mahalanobis"
"Residual1",168,9954.79046496641,NA,NA,"NA","NA","pRDA","Hellinger-Mahalanobis"
