"","Df","Variance","F","Pr..F.","R2","adj.R2","model","transfo"
"Model",5,0.202042289212671,2.33073168452788,0.001,"0.346282067651813","0.197709810299952","Complete","Hellinger"
"Residual",22,0.381419310698488,NA,NA,"NA","NA","Complete","Hellinger"
"Longitude",1,0.0511509731855417,2.9503524822095,0.006,"0.0876681056531053","0.068032550562339","pRDA","Hellinger"
"Latitude",1,0.0516243630580761,2.97765728011468,0.004,"0.0884794527453678","0.068985001496734","pRDA","Hellinger"
"Depth_m",1,0.0423574068083376,2.44314570249975,0.009,"0.0725967344119772","0.0503400712792756","pRDA","Hellinger"
"Temperature",1,0.0259935297573961,1.4992886794732,0.127,"0.044550540706285","0.0174162786682454","pRDA","Hellinger"
"Salinity",1,0.0254826022898645,1.46981873925148,0.12,"0.0436748575977314","0.016388302845161","pRDA","Hellinger"
"Residual1",22,0.381419310698488,NA,NA,"NA","NA","pRDA","Hellinger"
