"","Df","Variance","F","Pr..F.","R2","adj.R2","model","transfo"
"Model",3,0.0654216457796558,3.50038560633787,0.001,"0.118655588203086","0.0847577262108971","Complete","Hellinger"
"Residual",78,0.485935831524176,NA,NA,"NA","NA","Complete","Hellinger"
"Longitude",1,0.0139087105163443,2.23255695483917,0.037,"0.0252263025149463","0.0142795978471082","pRDA","Hellinger"
"Latitude",1,0.00801721151032392,1.28688287061242,0.22,"0.0145408593160434","0.00332363709886596","pRDA","Hellinger"
"Depth_m",1,0.00818456752227975,1.3137460243165,0.18,"0.0148443938083554","0.00363485600870495","pRDA","Hellinger"
"Residual1",78,0.485935831524176,NA,NA,"NA","NA","pRDA","Hellinger"
