"","Df","Variance","F","Pr..F.","R2","adj.R2","model","transfo"
"Model",5,11906.5045469243,2.43010319476611,0.036,"0.35579304228204","0.209382370073413","Complete","Hellinger-Mahalanobis"
"Residual",22,21558.1873721658,NA,NA,"NA","NA","Complete","Hellinger-Mahalanobis"
"Longitude",1,1618.97830751017,1.6521575840467,0.186,"0.0483787004949718","0.0224177079755501","pRDA","Hellinger-Mahalanobis"
"Latitude",1,1574.24724975775,1.60650980978978,0.201,"0.0470420362322155","0.0208485803627491","pRDA","Hellinger-Mahalanobis"
"Depth_m",1,2568.24187400012,2.62087532001658,0.084,"0.0767448234757269","0.0557170697355669","pRDA","Hellinger-Mahalanobis"
"Temperature",1,1127.9057542899,1.15102100960563,0.295,"0.0337043519485219","0.00519129881232605","pRDA","Hellinger-Mahalanobis"
"Salinity",1,1038.91436056066,1.06020582982058,0.327,"0.0310450896447072","0.00206955610784809","pRDA","Hellinger-Mahalanobis"
"Residual1",22,21558.1873721658,NA,NA,"NA","NA","pRDA","Hellinger-Mahalanobis"
