"","Df","Variance","F","Pr..F.","R2","adj.R2","model","transfo"
"Model",7,0.11937743954477,6.67146880621409,0.001,"0.215506326476894","0.183203645802413","Complete","Hellinger"
"Residual",170,0.434561934284099,NA,NA,"NA","NA","Complete","Hellinger"
"Longitude",1,0.0042769985580684,1.67315564827242,0.013,"0.00772105894640623","0.0032153864287503","pRDA","Hellinger"
"Latitude",1,0.00413576881704908,1.61790677790636,0.023,"0.00746610371539877","0.00295148540016366","pRDA","Hellinger"
"Depth_m",1,0.00408309095193726,1.59729927328504,0.034,"0.00737100690950122","0.00285305186423468","pRDA","Hellinger"
"Temperature",1,0.0067540823968768,2.6421872623533,0.001,"0.0529134525300074","0.0449540022640472","pRDA","Hellinger"
"Season",2,0.029310844761596,5.73318003299127,0.001,"0.0121928187739973","0.00784405010994116","pRDA","Hellinger"
"Salinity",1,0.00946729487539932,3.70359205867695,0.001,"0.0170908502314281","0.0129139423202641","pRDA","Hellinger"
"Residual1",170,0.434561934284099,NA,NA,"NA","NA","pRDA","Hellinger"
