"","Df","Variance","F","Pr..F.","R2","adj.R2","model","transfo"
"Model",5,0.213406026531507,2.62061475100223,0.001,"0.384219728964629","0.237605378718112","Complete","Hellinger"
"Residual",21,0.342021012851869,NA,NA,"NA","NA","Complete","Hellinger"
"Longitude",1,0.027121575251675,1.66525756863907,0.043,"0.0488301312838218","0.0230540360044308","pRDA","Hellinger"
"Latitude",1,0.0221640547459541,1.36086711685934,0.125,"0.0399045296220361","0.0125055976768659","pRDA","Hellinger"
"Depth_m",1,0.0309719814906511,1.90167149638075,0.021,"0.0557624661648368","0.0312467954092668","pRDA","Hellinger"
"Temperature",1,0.0221077693012347,1.35741120539574,0.129,"0.0398031923792873","0.0123858354808903","pRDA","Hellinger"
"Salinity",1,0.0212563766235574,1.30513591949404,0.154,"0.0382703309640011","0.0105742719900974","pRDA","Hellinger"
"Residual1",21,0.342021012851869,NA,NA,"NA","NA","pRDA","Hellinger"
