"","Df","Variance","F","Pr..F.","R2","adj.R2","model","transfo"
"Model",7,0.179245317309875,9.59637524206661,0.001,"0.285637220471654","0.255872104657973","Complete","Hellinger"
"Residual",168,0.448282555331859,NA,NA,"NA","NA","Complete","Hellinger"
"Longitude",1,0.00255241495437569,0.956552306653281,0.457,"0.00406741288419717","-0.000191305565725108","pRDA","Hellinger"
"Latitude",1,0.0088485248788695,3.31610534911312,0.002,"0.0141006085381027","0.0101980982179052","pRDA","Hellinger"
"Depth_m",1,0.00922384974598245,3.45676346066577,0.001,"0.0146987092496023","0.0108174332741916","pRDA","Hellinger"
"Temperature",1,0.00689047259243764,2.582298556482,0.007,"0.121978509171803","0.116811666555185","pRDA","Hellinger"
"Season",2,0.0765449143685912,14.3431251796131,0.001,"0.0109803450855988","0.00696705618128868","pRDA","Hellinger"
"Salinity",1,0.0129086203343411,4.83768148096659,0.001,"0.0205705927929536","0.0168977860557684","pRDA","Hellinger"
"Residual1",168,0.448282555331859,NA,NA,"NA","NA","pRDA","Hellinger"
