"","Df","Variance","F","Pr..F.","R2","adj.R2","model","transfo"
"Model",7,0.380343860993932,25.3563035313335,0.001,"0.524363974903569","0.503684147725463","Complete","Hellinger"
"Residual",161,0.34499937232769,NA,NA,"NA","NA","Complete","Hellinger"
"Longitude",1,0.00237971994802577,1.11053799619159,0.325,"0.00328081911942341","0.000338652838201225","pRDA","Hellinger"
"Latitude",1,0.00676520735535324,3.15710250967449,0.005,"0.00932690489766195","0.00660866771933755","pRDA","Hellinger"
"Depth_m",1,0.00927868726872072,4.33006193659135,0.002,"0.0127921332170291","0.0102022378283109","pRDA","Hellinger"
"Temperature",1,0.0299798959705004,13.9906435733047,0.001,"0.222120370505084","0.222844113744203","pRDA","Hellinger"
"Season",2,0.161113507728754,37.5932201982263,0.001,"0.0413320130294878","0.0397991502264162","pRDA","Hellinger"
"Salinity",1,0.0317378455925611,14.8110215561463,0.001,"0.043755623730329","0.0423125242865477","pRDA","Hellinger"
"Residual1",161,0.34499937232769,NA,NA,"NA","NA","pRDA","Hellinger"
