"","Df","Variance","F","Pr..F.","R2","adj.R2","model","transfo"
"Model",5,0.203181440484272,2.41946546011037,0.001,"0.35478813907963","0.208149079779546","Complete","Hellinger"
"Residual",22,0.369502418145707,NA,NA,"NA","NA","Complete","Hellinger"
"Longitude",1,0.0518261726032566,3.08570591498007,0.003,"0.0904970025298761","0.0718073107863563","pRDA","Hellinger"
"Latitude",1,0.0524096865342994,3.12044805969285,0.003,"0.091515913613626","0.0730034237977151","pRDA","Hellinger"
"Depth_m",1,0.0406835098972345,2.4222770238711,0.019,"0.0710400848289326","0.0489665813113358","pRDA","Hellinger"
"Temperature",1,0.0256415126396945,1.52668358952615,0.124,"0.0447742890833977","0.0181328210883167","pRDA","Hellinger"
"Salinity",1,0.0248858031608653,1.48168900297466,0.121,"0.0434546963142964","0.0165837339245892","pRDA","Hellinger"
"Residual1",22,0.369502418145707,NA,NA,"NA","NA","pRDA","Hellinger"
